STT, HoTen,  Ngay sinh,  Que Quan
1, Truong Van Hhhh,  1974-2-24,  Dong Nai
2, Huynh Thi Eeee,  1974-9-27,  Nha Trang
3, Luu Van Gggg,  1980-4-16,  Ha Noi
4, Huynh Thi Eeee,  1988-3-5,  Dong Nai
5, Luu Van Gggg,  1976-5-3,  Quang Ninh
6, Le Thi Bbbb,  1984-9-15,  Vung Tau
7, Truong Van Hhhh,  1986-3-16,  Dong Nai
8, Hoang Van Ddddd,  1970-11-19,  Hai Phong
9, Luu Van Gggg,  1997-5-20,  Sai Gon
10, Truong Van Hhhh,  1998-4-12,  Ha Noi
11, Luu Van Gggg,  1980-4-17,  Sai Gon
12, Huynh Thi Eeee,  1986-10-23,  Dong Nai
13, Truong Van Hhhh,  1987-2-4,  Vung Tau
14, Nguyen Thi Bbbb,  1991-9-11,  Hai Phong
15, Le Thi Bbbb,  1976-11-3,  Quang Ninh
16, Le Thi Bbbb,  1977-8-2,  Sai Gon
17, Nguyen Thi Bbbb,  1983-10-24,  Da Nang
18, Tran Van Cccc,  1974-4-7,  Hue
19, Truong Van Hhhh,  1982-12-19,  Hue
20, Le Thi Bbbb,  1977-11-15,  Hai Phong
21, Tran Van Cccc,  1985-4-6,  Hai Phong
22, Nguyen Thi Bbbb,  1974-11-15,  Nha Trang
23, Huynh Thi Eeee,  1994-11-22,  Hue
24, Nguyen Van Aaa,  1985-2-17,  Da Nang
25, Hoang Van Ddddd,  1987-8-20,  Hai Phong
26, Truong Van Hhhh,  1970-2-24,  Vung Tau
27, Hoang Van Ddddd,  1990-2-25,  Vung Tau
28, Tran Van Cccc,  1978-8-17,  Dong Nai
29, Le Thi Bbbb,  1970-1-17,  Hai Phong
30, Nguyen Thi Bbbb,  1977-2-7,  Nha Trang
31, Tran Van Cccc,  1970-11-4,  Ha Noi
32, Truong Van Hhhh,  1993-10-23,  Hai Phong
33, Tran Van Cccc,  1987-4-26,  Quang Ninh
34, Le Thi Bbbb,  1978-1-3,  Hai Phong
35, Nguyen Van Aaa,  1989-7-1,  Ha Noi
36, Nguyen Van Aaa,  1981-1-13,  Quang Ninh
37, Le Thi Bbbb,  1972-2-4,  Sai Gon
38, Le Thi Bbbb,  1971-12-11,  Nha Trang
39, Tran Van Cccc,  1984-4-5,  Hue
40, Hoang Van Ddddd,  1975-1-12,  Quang Ninh
41, Hoang Van Ddddd,  1982-1-13,  Hai Phong
42, Truong Van Hhhh,  1971-7-8,  Ha Noi
43, Huynh Thi Eeee,  1988-7-8,  Dong Nai
44, Hoang Van Ddddd,  1985-8-3,  Hue
45, Nguyen Thi Bbbb,  1990-6-16,  Vung Tau
46, Tran Van Cccc,  1983-11-22,  Sai Gon
47, Le Thi Bbbb,  1986-5-13,  Ha Noi
48, Huynh Thi Eeee,  1984-7-13,  Hai Phong
49, Truong Van Hhhh,  1997-3-4,  Hai Phong
50, Le Thi Bbbb,  1995-9-21,  Sai Gon
51, Nguyen Thi Bbbb,  1982-5-15,  Nha Trang
52, Nguyen Van Aaa,  1971-3-27,  Ha Noi
53, Huynh Thi Eeee,  1982-4-7,  Dong Nai
54, Huynh Thi Eeee,  1992-11-23,  Hue
55, Nguyen Thi Bbbb,  1992-12-4,  Quang Ninh
56, Luu Van Gggg,  1978-1-21,  Da Nang
57, Truong Van Hhhh,  1978-4-4,  Sai Gon
58, Nguyen Thi Bbbb,  1999-7-8,  Nha Trang
59, Truong Van Hhhh,  1984-2-22,  Sai Gon
60, Nguyen Thi Bbbb,  1994-10-28,  Nha Trang
61, Luu Van Gggg,  1985-1-7,  Da Nang
62, Nguyen Thi Bbbb,  1993-5-9,  Ha Noi
63, Huynh Thi Eeee,  1991-8-5,  Ha Noi
64, Luu Van Gggg,  1996-7-13,  Vung Tau
65, Huynh Thi Eeee,  1992-6-28,  Nha Trang
66, Nguyen Van Aaa,  1972-3-2,  Da Nang
67, Truong Van Hhhh,  1989-8-12,  Da Nang
68, Truong Van Hhhh,  1993-4-14,  Sai Gon
69, Tran Van Cccc,  1990-10-4,  Sai Gon
70, Le Thi Bbbb,  1980-2-9,  Hai Phong
71, Luu Van Gggg,  1971-5-27,  Vung Tau
72, Tran Van Cccc,  1990-12-13,  Dong Nai
73, Tran Van Cccc,  1992-11-4,  Sai Gon
74, Truong Van Hhhh,  1976-10-12,  Vung Tau
75, Hoang Van Ddddd,  1986-8-13,  Vung Tau
76, Tran Van Cccc,  1979-10-11,  Quang Ninh
77, Luu Van Gggg,  1995-3-18,  Ha Noi
78, Tran Van Cccc,  1998-7-28,  Nha Trang
79, Huynh Thi Eeee,  1972-6-8,  Vung Tau
80, Luu Van Gggg,  1972-7-12,  Nha Trang
81, Tran Van Cccc,  1986-2-10,  Ha Noi
82, Nguyen Van Aaa,  1990-6-21,  Nha Trang
83, Le Thi Bbbb,  1983-3-4,  Vung Tau
84, Tran Van Cccc,  1981-10-17,  Hue
85, Luu Van Gggg,  1974-2-18,  Da Nang
86, Hoang Van Ddddd,  1989-12-13,  Ha Noi
87, Nguyen Thi Bbbb,  1999-10-5,  Nha Trang
88, Tran Van Cccc,  1999-9-26,  Hue
89, Nguyen Van Aaa,  1975-9-7,  Quang Ninh
90, Nguyen Thi Bbbb,  1982-12-8,  Vung Tau
91, Nguyen Van Aaa,  1977-12-21,  Dong Nai
92, Le Thi Bbbb,  1988-5-19,  Nha Trang
93, Tran Van Cccc,  1985-12-17,  Nha Trang
94, Luu Van Gggg,  1995-2-28,  Dong Nai
95, Luu Van Gggg,  1974-5-17,  Quang Ninh
96, Huynh Thi Eeee,  1989-2-4,  Hue
97, Nguyen Van Aaa,  1989-2-2,  Quang Ninh
98, Nguyen Thi Bbbb,  1995-2-1,  Ha Noi
99, Truong Van Hhhh,  1992-10-17,  Ha Noi
100, Nguyen Thi Bbbb,  1979-4-4,  Hue
