STT, HoTen, Ngay sinh, Que Quan
1, truong van hhhh, 1974-2-24, Dong Nai
2, Huynh thi Eeee, 1974-9-27, Nha Trang
3, Luu van Gggg, 1980-4-16, Ha Noi
4, Huynh thi Eeee, 1988-3-5, Dong Nai
5, Luu van Gggg, 1976-5-3, Quang Ninh
6, Le Thi Bbbb, 1984-9-15, Vung Tau
7, truong van hhhh, 1986-3-16, Dong Nai
8, hoang van ddddd, 1970-11-19, Hai Phong
9, Luu van Gggg, 1997-5-20, Sai Gon
10, truong van hhhh, 1998-4-12, Ha Noi
11, Luu van Gggg, 1980-4-17, Sai Gon
12, Huynh thi Eeee, 1986-10-23, Dong Nai
13, truong van hhhh, 1987-2-4, Vung Tau
14, Nguyen thi bbbb, 1991-9-11, Hai Phong
15, Le Thi Bbbb, 1976-11-3, Quang Ninh
16, Le Thi Bbbb, 1977-8-2, Sai Gon
17, Nguyen thi bbbb, 1983-10-24, Da Nang
18, tran van Cccc, 1974-4-7, Hue
19, truong van hhhh, 1982-12-19, Hue
20, Le Thi Bbbb, 1977-11-15, Hai Phong
21, tran van Cccc, 1985-4-6, Hai Phong
22, Nguyen thi bbbb, 1974-11-15, Nha Trang
23, Huynh thi Eeee, 1994-11-22, Hue
24, Nguyen Van Aaa, 1985-2-17, Da Nang
25, hoang van ddddd, 1987-8-20, Hai Phong
26, truong van hhhh, 1970-2-24, Vung Tau
27, hoang van ddddd, 1990-2-25, Vung Tau
28, tran van Cccc, 1978-8-17, Dong Nai
29, Le Thi Bbbb, 1970-1-17, Hai Phong
30, Nguyen thi bbbb, 1977-2-7, Nha Trang
31, tran van Cccc, 1970-11-4, Ha Noi
32, truong van hhhh, 1993-10-23, Hai Phong
33, tran van Cccc, 1987-4-26, Quang Ninh
34, Le Thi Bbbb, 1978-1-3, Hai Phong
35, Nguyen Van Aaa, 1989-7-1, Ha Noi
36, Nguyen Van Aaa, 1981-1-13, Quang Ninh
37, Le Thi Bbbb, 1972-2-4, Sai Gon
38, Le Thi Bbbb, 1971-12-11, Nha Trang
39, tran van Cccc, 1984-4-5, Hue
40, hoang van ddddd, 1975-1-12, Quang Ninh
41, hoang van ddddd, 1982-1-13, Hai Phong
42, truong van hhhh, 1971-7-8, Ha Noi
43, Huynh thi Eeee, 1988-7-8, Dong Nai
44, hoang van ddddd, 1985-8-3, Hue
45, Nguyen thi bbbb, 1990-6-16, Vung Tau
46, tran van Cccc, 1983-11-22, Sai Gon
47, Le Thi Bbbb, 1986-5-13, Ha Noi
48, Huynh thi Eeee, 1984-7-13, Hai Phong
49, truong van hhhh, 1997-3-4, Hai Phong
50, Le Thi Bbbb, 1995-9-21, Sai Gon
51, Nguyen thi bbbb, 1982-5-15, Nha Trang
52, Nguyen Van Aaa, 1971-3-27, Ha Noi
53, Huynh thi Eeee, 1982-4-7, Dong Nai
54, Huynh thi Eeee, 1992-11-23, Hue
55, Nguyen thi bbbb, 1992-12-4, Quang Ninh
56, Luu van Gggg, 1978-1-21, Da Nang
57, truong van hhhh, 1978-4-4, Sai Gon
58, Nguyen thi bbbb, 1999-7-8, Nha Trang
59, truong van hhhh, 1984-2-22, Sai Gon
60, Nguyen thi bbbb, 1994-10-28, Nha Trang
61, Luu van Gggg, 1985-1-7, Da Nang
62, Nguyen thi bbbb, 1993-5-9, Ha Noi
63, Huynh thi Eeee, 1991-8-5, Ha Noi
64, Luu van Gggg, 1996-7-13, Vung Tau
65, Huynh thi Eeee, 1992-6-28, Nha Trang
66, Nguyen Van Aaa, 1972-3-2, Da Nang
67, truong van hhhh, 1989-8-12, Da Nang
68, truong van hhhh, 1993-4-14, Sai Gon
69, tran van Cccc, 1990-10-4, Sai Gon
70, Le Thi Bbbb, 1980-2-9, Hai Phong
71, Luu van Gggg, 1971-5-27, Vung Tau
72, tran van Cccc, 1990-12-13, Dong Nai
73, tran van Cccc, 1992-11-4, Sai Gon
74, truong van hhhh, 1976-10-12, Vung Tau
75, hoang van ddddd, 1986-8-13, Vung Tau
76, tran van Cccc, 1979-10-11, Quang Ninh
77, Luu van Gggg, 1995-3-18, Ha Noi
78, tran van Cccc, 1998-7-28, Nha Trang
79, Huynh thi Eeee, 1972-6-8, Vung Tau
80, Luu van Gggg, 1972-7-12, Nha Trang
81, tran van Cccc, 1986-2-10, Ha Noi
82, Nguyen Van Aaa, 1990-6-21, Nha Trang
83, Le Thi Bbbb, 1983-3-4, Vung Tau
84, tran van Cccc, 1981-10-17, Hue
85, Luu van Gggg, 1974-2-18, Da Nang
86, hoang van ddddd, 1989-12-13, Ha Noi
87, Nguyen thi bbbb, 1999-10-5, Nha Trang
88, tran van Cccc, 1999-9-26, Hue
89, Nguyen Van Aaa, 1975-9-7, Quang Ninh
90, Nguyen thi bbbb, 1982-12-8, Vung Tau
91, Nguyen Van Aaa, 1977-12-21, Dong Nai
92, Le Thi Bbbb, 1988-5-19, Nha Trang
93, tran van Cccc, 1985-12-17, Nha Trang
94, Luu van Gggg, 1995-2-28, Dong Nai
95, Luu van Gggg, 1974-5-17, Quang Ninh
96, Huynh thi Eeee, 1989-2-4, Hue
97, Nguyen Van Aaa, 1989-2-2, Quang Ninh
98, Nguyen thi bbbb, 1995-2-1, Ha Noi
99, truong van hhhh, 1992-10-17, Ha Noi
100, Nguyen thi bbbb, 1979-4-4, Hue
